Rank,University,Location
1,Massachusetts Institute of Technology,Cambridge
2,Harvard University,Cambridge
3,Stanford University,Stanford ...
4,Cornell University,Ithaca
5,"University of California, Berkeley",Berkeley ...
6,University of Michigan,Ann Arbor ...
7,University of Washington,Seattle ...
8,Columbia University in the City of New York,New York City
9,"University of California, Los Angeles",Los Angeles ...
10,Yale University,New Haven
11,University of Pennsylvania,Philadelphia
12,University of Wisconsin-Madison,Madison
13,The University of Texas at Austin,Austin
14,University of Chicago,Chicago
15,Princeton University,Princeton
16,University of Minnesota Twin Cities,Minneapolis ...
17,Purdue University,West Lafayette
18,"University of California, Davis",Davis ...
19,"University of California, San Diego",San Diego ...
20,Johns Hopkins University,Baltimore ...
21,New York University,New York City ...
22,Penn State University,University Park ...
23,University of Florida,Gainesville
24,Michigan State University,East Lansing
25,University of Southern California,Los Angeles
26,University of North Carolina at Chapel Hill,Chapel Hill
27,Carnegie Mellon University,Pittsburgh ...
28,Arizona State University,Tempe ...
29,Duke University,Durham
30,University of Maryland,College Park
31,"Rutgers, The State University of New Jersey",New Brunswick ...
32,University of Illinois Urbana-Champaign,Champaign ...
33,The Ohio State University,Columbus ...
34,University of Colorado Boulder,Boulder
35,Texas A&M University,College Station
36,The University of Arizona,Tucson
37,"University of California, Irvine",Irvine ...
38,Northwestern University,Evanston ...
39,University of Virginia,Charlottesville ...
40,Boston University,Boston ...
41,North Carolina State University,Raleigh
42,The University of Utah,Salt Lake City
43,Indiana University Bloomington,Bloomington
44,"University of California, Santa Barbara",Santa Barbara ...
45,Georgetown University,Washington
46,University of Pittsburgh,Pittsburgh ...
47,Washington University in St. Louis,St. Louis
48,Tufts University,Medford
49,University of Nebraska-Lincoln,Lincoln
50,Virginia Polytechnic Institute and State University,Blacksburg
51,Oregon State University,Corvallis ...
52,Brigham Young University,Provo
53,Georgia Institute of Technology,Atlanta
54,University of Georgia,Athens
55,University of Rochester,Rochester
56,Brown University,Providence
57,California Institute of Technology,Pasadena
58,University of Iowa,Iowa City ...
59,Iowa State University,Ames
60,Colorado State University,Fort Collins
61,"University of California, San Francisco",San Francisco ...
62,George Washington University,Washington ...
63,University of Massachusetts Amherst,Amherst
64,George Mason University,Fairfax
65,University of South Florida,Tampa ...
66,Washington State University,Pullman
67,Florida State University,Tallahassee ...
68,Vanderbilt University,Nashville
69,Syracuse University,Syracuse
70,University of Oregon,Eugene ...
71,Emory University,Atlanta
72,"University of California, Santa Cruz",Santa Cruz ...
73,University of Notre Dame,Notre Dame
74,Dartmouth College,Hanover
75,University of Connecticut,Storrs ...
76,University of Houston,Houston
77,"University at Buffalo, State University of New York",Buffalo ...
78,University of Kentucky,Lexington
79,University of Illinois Chicago,Chicago ...
80,"University of California, Riverside",Riverside ...
81,Rice University,Houston
82,University of Central Florida,Orlando ...
83,University of Missouri,Columbia
84,Georgia State University,Atlanta
85,Northeastern University,Boston ...
86,University of Kansas,Lawrence ...
87,University of Delaware,Newark
88,"The University of Tennessee, Knoxville",Knoxville ...
89,University of New Mexico,Albuquerque ...
90,University of Miami,Coral Gables ...
91,University of North Texas,Denton ...
92,University of South Carolina,Columbia ...
93,Boston College,Chestnut Hill
94,Louisiana State University,Baton Rouge
95,Florida International University,Miami
96,San Diego State University,San Diego ...
97,Temple University,Philadelphia ...
98,Drexel University,Philadelphia
99,University of Cincinnati,Cincinnati
100,Clemson University,Clemson
101,University of New Hampshire,Durham ...
102,Rochester Institute of Technology,Rochester
103,University of Vermont,Burlington
104,Utah State University,Logan ...
105,American University,Washington
106,Case Western Reserve University,Cleveland
107,Fordham University,The Bronx ...
108,Virginia Commonwealth University,Richmond
109,The University of Oklahoma,Norman ...
110,Oklahoma State University,Stillwater ...
111,The University of Alabama,Tuscaloosa
112,West Virginia University,Morgantown ...
113,Portland State University,Portland
114,Auburn University,Auburn
115,Rensselaer Polytechnic Institute,Troy ...
116,Tulane University,New Orleans
117,The University of Tennessee at Martin,Martin ...
118,University of Alabama at Birmingham,Birmingham
119,Wayne State University,Detroit
120,"University at Albany, State University of New York",Albany
121,Southern New Hampshire University,Manchester
122,Baylor University,Waco
123,University of Arkansas,Fayetteville
124,"University of Maryland, Baltimore County",Baltimore
125,Texas Tech University,Lubbock
126,San José State University,San Jose
127,University of North Carolina at Charlotte,Charlotte
128,Mississippi State University,Mississippi State ...
129,San Francisco State University,San Francisco
130,The University of Texas MD Anderson Cancer Center,Houston
131,Brandeis University,Waltham
132,University of Wisconsin-Milwaukee,Milwaukee
133,Southern Methodist University,Dallas
134,Marquette University,Milwaukee
135,Kansas State University,Manhattan ...
136,Kent State University,Kent ...
137,"University of Nevada, Reno",Reno
138,Stony Brook University,Stony Brook
139,DePaul University,Chicago
140,"California State University, Northridge",Northridge
141,University of Denver,Denver
142,Liberty University,Lynchburg
143,College of William & Mary,Williamsburg
144,"University of Nevada, Las Vegas",Las Vegas
145,Northern Illinois University,DeKalb
146,Florida Atlantic University,Boca Raton ...
147,Oregon Health & Science University,Portland ...
148,Michigan Technological University,Houghton
149,The University of Texas at Dallas,Richardson
150,"California Polytechnic State University, San Luis Obispo",San Luis Obispo
151,New Mexico State University,Las Cruces
152,Montana State University,Bozeman
153,Quinnipiac University,Hamden
154,United States Military Academy,West Point
155,Loyola University Chicago,Chicago
156,University of Rhode Island,Kingston ...
157,Santa Clara University,Santa Clara
158,University of Idaho,Moscow
159,Northern Arizona University,Flagstaff ...
160,Indiana University-Purdue University Indianapolis,Indianapolis
161,University of Wyoming,Laramie
162,University of Louisville,Louisville ...
163,University of Missouri-Kansas City,Kansas City
164,Swarthmore College,Swarthmore
165,"Binghamton University, State University of New York",Vestal
166,The University of Maine,Orono
167,Grand Canyon University,Phoenix
168,Wake Forest University,Winston-Salem
169,University of Mississippi,University
170,Bowling Green State University,Bowling Green ...
171,Middle Tennessee State University,Murfreesboro
172,Saint Louis University,St. Louis ...
173,"University of Maryland, Baltimore",Baltimore
174,Western Michigan University,Kalamazoo
175,Baylor College of Medicine,Houston
176,The New School,New York City
177,Nova Southeastern University,Fort Lauderdale ...
178,Texas State University,San Marcos ...
179,University of Richmond,Richmond
180,Lehigh University,Bethlehem
181,Old Dominion University,Norfolk
182,The University of Texas at Arlington,Arlington
183,Illinois Institute of Technology,Chicago
184,"California State University, Fullerton",Fullerton ...
185,"California State University, Long Beach",Long Beach
186,The University of Texas at San Antonio,San Antonio
187,University of Montana,Missoula
188,Marist College,Poughkeepsie
189,Middlebury College,Middlebury
190,James Madison University,Harrisonburg
191,University of Massachusetts Boston,Boston
192,Ohio University,Athens ...
193,University of Alaska Fairbanks,Fairbanks ...
194,Williams College,Williamstown
195,University of North Carolina at Greensboro,Greensboro
196,Kennesaw State University,Kennesaw ...
197,Southern Illinois University Carbondale,Carbondale ...
198,Appalachian State University,Boone
199,Worcester Polytechnic Institute,Worcester
200,Western Washington University,Bellingham
201,"California State University, Chico",Chico
202,Berklee College of Music,Boston ...
203,East Carolina University,Greenville
204,Smith College,Northampton
205,Howard University,Washington
206,Villanova University,Villanova
207,University of Dayton,Dayton
208,Grand Valley State University,Allendale ...
209,Boise State University,Boise
210,The University of Memphis,Memphis ...
211,New Jersey Institute of Technology,Newark
212,University of North Dakota,Grand Forks
213,Wesleyan University,Middletown
214,Carleton College,Northfield
215,Pace University,New York City ...
216,The University of Texas at El Paso,El Paso
217,University of San Diego,San Diego
218,Bryn Mawr College,Bryn Mawr
219,University of San Francisco,San Francisco
220,University of Colorado Denver,Denver
221,North Dakota State University,Fargo
222,Ball State University,Muncie
223,Pepperdine University,Malibu ...
224,The Catholic University of America,Washington
225,College of Charleston,Charleston
226,University of Massachusetts Lowell,Lowell
227,University of Toledo,Toledo
228,Western Kentucky University,Bowling Green
229,"California State University, Sacramento",Sacramento
230,Bard College,Annandale-on-Hudson
231,Montclair State University,Montclair
232,Miami University,Oxford ...
233,University of Texas Southwestern Medical Center,Dallas
234,Vassar College,Poughkeepsie
235,Thomas Jefferson University,Philadelphia
236,"California State Polytechnic University, Pomona",Pomona
237,Chapman University,Orange
238,University of Akron,Akron ...
239,Hofstra University,Hempstead
240,University of Southern Mississippi,Hattiesburg
241,Medical University of South Carolina,Charleston
242,Clark University,Worcester
243,Bucknell University,Lewisburg
244,Amherst College,Amherst
245,Embry-Riddle Aeronautical University,Daytona Beach ...
246,Calvin University,Grand Rapids
247,Creighton University,Omaha
248,Seton Hall University,South Orange
249,Illinois State University,Normal
250,UMass Chan Medical School,Worcester
251,Wellesley College,Wellesley
252,Loyola Marymount University,Los Angeles
253,Mount Holyoke College,South Hadley
254,Missouri State University,Springfield ...
255,University of Nebraska at Omaha,Omaha
256,University of Northern Iowa,Cedar Falls
257,Idaho State University,Pocatello ...
258,Oberlin College,Oberlin
259,Yeshiva University,New York City
260,Wright State University,Dayton ...
261,The University of Texas Health Science Center at San Antonio,San Antonio
262,Colby College,Waterville
263,Monmouth University,West Long Branch
264,"California State University, San Bernardino",San Bernardino ...
265,Central Michigan University,Mount Pleasant
266,University of North Florida,Jacksonville
267,Texas Christian University,Fort Worth
268,Cleveland State University,Cleveland
269,"California State Polytechnic University, Humboldt",Arcata
270,Oakland University,Rochester Hills
271,Rowan University,Glassboro ...
272,University of Missouri-St. Louis,St. Louis
273,Towson University,Towson
274,Sonoma State University,Rohnert Park
275,"University of California College of the Law, San Francisco",San Francisco
276,The University of Texas Health Science Center at Houston,Houston
277,University of North Carolina Wilmington,Wilmington
278,University of Nebraska Medical Center,Omaha
279,"California State University, Fresno",Fresno
280,Suffolk University,Boston ...
281,Marshall University,Huntington
282,The Rockefeller University,New York City
283,"University of California, Merced",Merced ...
284,Colorado School of Mines,Golden
285,Wichita State University,Wichita
286,Hillsdale College,Hillsdale
287,Georgia Southern University,Statesboro ...
288,Bowdoin College,Brunswick
289,The University of Texas Medical Branch at Galveston,Galveston
290,Ferris State University,Big Rapids
291,Seattle University,Seattle
292,East Tennessee State University,Johnson City ...
293,Dickinson College,Carlisle
294,South Dakota State University,Brookings
295,Washington and Lee University,Lexington
296,University of Texas Rio Grande Valley,Edinburg ...
297,Maryville University,St. Louis
298,Sam Houston State University,Huntsville
299,Lamar University,Beaumont
300,Fashion Institute of Technology,New York City
301,Reed College,Portland
302,Duquesne University,Pittsburgh
303,Medical College of Wisconsin,Milwaukee
304,University of Massachusetts Dartmouth,North Dartmouth
305,Indiana State University,Terre Haute
306,National University,La Jolla
307,The University of Alabama in Huntsville,Huntsville
308,University of Wisconsin-Stevens Point,Stevens Point
309,Florida Institute of Technology,Melbourne
310,"California State University, Los Angeles",Los Angeles
311,Ithaca College,Ithaca
312,University of St. Thomas,Saint Paul ...
313,Harvey Mudd College,Claremont ...
314,Missouri University of Science and Technology,Rolla
315,Elon University,Elon
316,Davidson College,Davidson
317,St. John's University,Queens ...
318,Eastern Kentucky University,Richmond
319,Kenyon College,Gambier
320,Eastern Michigan University,Ypsilanti ...
321,United States Naval Academy,Annapolis
322,Brigham Young University-Idaho,Rexburg
323,Pomona College,Claremont
324,"Minnesota State University, Mankato",Mankato ...
325,Lewis & Clark College,Portland
326,Babson College,Babson Park
327,New Mexico Institute of Mining and Technology,Socorro
328,Southern Illinois University Edwardsville,Edwardsville ...
329,Earlham College,Richmond
330,Rasmussen University,St. Cloud ...
331,Biola University,La Mirada
332,University of South Dakota,Vermillion
333,Furman University,Greenville
334,Simmons University,Boston
335,Webster University,St. Louis
336,Weber State University,Ogden ...
337,Augusta University,Augusta
338,University of Wisconsin-Eau Claire,Eau Claire
339,Gallaudet University,Washington
340,Stevens Institute of Technology,Hoboken
341,University of the Pacific,Stockton ...
342,Barnard College,New York City
343,Gettysburg College,Gettysburg
344,University of Colorado Colorado Springs,Colorado Springs
345,Hanover College,Hanover
346,State University of New York at Oswego,Oswego
347,University of Baltimore,Baltimore
348,Hamilton College,Clinton
349,Trinity College,Hartford
350,The Culinary Institute of America,Hyde Park ...
351,Radford University,Radford ...
352,Stetson University,DeLand ...
353,Colgate University,Hamilton
354,St. Olaf College,Northfield
355,The Evergreen State College,Olympia
356,Willamette University,Salem
357,Wheaton College,Wheaton
358,Loma Linda University,Loma Linda
359,College of Saint Benedict/Saint John's University,St. Joseph ...
360,Savannah College of Art and Design,Savannah ...
361,University of Arkansas at Little Rock,Little Rock
362,Saint Joseph's University,Philadelphia ...
363,The University of Tulsa,Tulsa
364,Grinnell College,Grinnell
365,California State University San Marcos,San Marcos ...
366,Northern Michigan University,Marquette
367,University of Northern Colorado,Greeley
368,SUNY Geneseo,Geneseo
369,Bates College,Lewiston
370,University of Evansville,Evansville
371,Gonzaga University,Spokane
372,Stephen F. Austin State University,Nacogdoches
373,Miami Dade College,Miami
374,Union College,Schenectady
375,Bradley University,Peoria
376,"California State University, Stanislaus",Turlock ...
377,Florida Gulf Coast University,Fort Myers
378,Rhode Island School of Design,Providence
379,Haverford College,Haverford
380,Arkansas State University,Jonesboro
381,"California State University, Dominguez Hills",Carson ...
382,Eastern Illinois University,Charleston
383,University of Louisiana at Lafayette,Lafayette
384,Trinity University,San Antonio
385,University of Wisconsin-Green Bay,Green Bay
386,Fairleigh Dickinson University,Teaneck ...
387,Central Washington University,Ellensburg ...
388,DeVry University,Naperville ...
389,Indiana University of Pennsylvania,Indiana
390,College of the Holy Cross,Worcester
391,Bentley University,Waltham
392,Colorado College,Colorado Springs ...
393,West Chester University of Pennsylvania,West Chester
394,Emerson College,Boston
395,Naval Postgraduate School,Monterey
396,University of Wisconsin-La Crosse,La Crosse
397,Skidmore College,Saratoga Springs
398,The University of Tennessee at Chattanooga,Chattanooga
399,University of West Florida,Pensacola ...
400,Northern Kentucky University,Highland Heights ...
401,Long Island University,Brookville ...
402,Clarkson University,Potsdam ...
403,North Carolina Agricultural and Technical State University,Greensboro
404,Pratt Institute,Brooklyn
405,Bridgewater State University,Bridgewater
406,Macalester College,Saint Paul
407,Butler University,Indianapolis
408,Shippensburg University of Pennsylvania,Shippensburg
409,Western Carolina University,Cullowhee ...
410,Texas Tech University Health Sciences Center,Lubbock ...
411,The College of New Jersey,Ewing
412,Central Connecticut State University,New Britain
413,University of New Orleans,New Orleans
414,St. Cloud State University,St. Cloud
415,University of Mississippi Medical Center,Jackson
416,Connecticut College,New London
417,Valencia College,Orlando
418,Valparaiso University,Valparaíso
419,Utah Valley University,Orem ...
420,Rider University,Lawrenceville ...
421,Loyola University Maryland,Baltimore
422,University of South Alabama,Mobile
423,West Texas A&M University,Canyon ...
424,Western Illinois University,Macomb ...
425,Xavier University,Cincinnati
426,Occidental College,Los Angeles
427,Columbia College Chicago,Chicago
428,Drake University,Des Moines
429,Sweet Briar College,Sweet Briar
430,University of Wisconsin-Whitewater,Whitewater
431,SUNY College of Environmental Science and Forestry,Syracuse
432,Tennessee Tech University,Cookeville
433,DePauw University,Greencastle
434,Louisiana Tech University,Ruston
435,National Defense University,Fort Lesley J McNair
436,University of Central Arkansas,Conway
437,Florida Agricultural and Mechanical University,Tallahassee
438,Siena College,Loudonville
439,School of Visual Arts,New York City
440,Touro University,New York City ...
441,Uniformed Services University of the Health Sciences,Bethesda
442,The Juilliard School,New York City
443,Azusa Pacific University,Azusa
444,University of West Georgia,Carrollton
445,University of Hawaii at Manoa,Honolulu
446,Upstate Medical University,Syracuse
447,University of Arkansas for Medical Sciences,Little Rock
448,Mercer University,Macon ...
449,Whitman College,Walla Walla
450,University of North Georgia,Dahlonega
451,Texas Woman's University,Denton ...
452,Adelphi University,Garden City
453,Loyola University New Orleans,New Orleans
454,State University of New York at New Paltz,New Paltz
455,Hampshire College,Amherst
456,University of Wisconsin-Oshkosh,Oshkosh
457,Pacific University,Forest Grove
458,Franklin and Marshall College,Lancaster
459,Rose-Hulman Institute of Technology,Terre Haute
460,Hobart and William Smith Colleges,Geneva
461,Andrews University,Berrien Springs
462,Rollins College,Winter Park
463,Eastern Washington University,Cheney
464,Belmont University,Nashville
465,Pitzer College,Claremont
466,New York Institute of Technology,Old Westbury ...
467,Hope College,Holland
468,Drew University,Madison
469,University of Illinois at Springfield,Springfield ...
470,Metropolitan State University of Denver,Denver
471,Texas A&M University-Corpus Christi,Corpus Christi
472,SUNY Cortland,Cortland
473,SUNY College at Oneonta,Oneonta
474,Stockton University,Galloway ...
475,Fairfield University,Fairfield ...
476,Lafayette College,Easton
477,California Institute of the Arts,Valencia
478,Claremont Graduate University,Claremont ...
479,University of New England,Biddeford ...
480,Seattle Pacific University,Seattle
481,Johnson and Wales University,Providence ...
482,Troy University,Troy ...
483,Beloit College,Beloit
484,Tuskegee University,Tuskegee
485,Broward College,Fort Lauderdale
486,Sacred Heart University,Fairfield ...
487,University of Hartford,West Hartford
488,University of Wisconsin-Stout,Menomonie
489,Coastal Carolina University,Conway ...
490,Youngstown State University,Youngstown
491,Strayer University,Washington ...
492,Widener University,Chester ...
493,Morehouse College,Atlanta
494,Samford University,Birmingham
495,Emporia State University,Emporia
496,"California State University, East Bay",Hayward ...
497,Murray State University,Murray ...
498,Louisiana State University Health Sciences Center,New Orleans ...
499,University of New Haven,West Haven ...
500,Valdosta State University,Valdosta
501,Tennessee State University,Nashville
502,Regent University,Virginia Beach
503,The University of Oklahoma Health Sciences Center,Oklahoma City
504,Plymouth State University,Plymouth
505,Purdue University Fort Wayne,Fort Wayne
506,Fort Hays State University,Hays
507,William Paterson University,Wayne
508,Morgan State University,Baltimore
509,Denison University,Granville
510,Western Oregon University,Monmouth
511,Sewanee: The University of the South,Sewanee
512,School of the Art Institute of Chicago,Chicago
513,Truman State University,Kirksville
514,Claremont McKenna College,Claremont
515,University of Puget Sound,Tacoma
516,Southern Utah University,Cedar City
517,Illinois Wesleyan University,Bloomington
518,The University of Texas at Tyler,Tyler ...
519,Abilene Christian University,Abilene
520,Hamline University,Saint Paul
521,Salisbury University,Salisbury
522,Rhode Island College,Providence
523,Wabash College,Crawfordsville
524,The Cooper Union for the Advancement of Science and Art,New York City
525,"California State University, Monterey Bay",Seaside
526,St. Catherine University,Saint Paul
527,ArtCenter College of Design,Pasadena
528,Winthrop University,Rock Hill
529,University of Mary Washington,Fredericksburg
530,Providence College,Providence
531,Icahn School of Medicine at Mount Sinai,New York City
532,Southeastern Louisiana University,Hammond
533,Pacific Lutheran University,Tacoma
534,Hampton University,Hampton
535,Champlain College,Burlington ...
536,Lock Haven University,Lock Haven ...
537,Lawrence University,Appleton
538,Spelman College,Atlanta
539,Frostburg State University,Frostburg ...
540,University of Southern Indiana,Evansville
541,Southeast Missouri State University,Cape Girardeau
542,University of North Carolina at Asheville,Asheville
543,University of Scranton,Scranton
544,Le Moyne College,Syracuse
545,Berea College,Berea
546,University of Indianapolis,Indianapolis
547,The University of Tennessee Health Science Center,Memphis
548,The State University of New York at Potsdam,Potsdam
549,Empire State University,Saratoga Springs
550,The College of Wooster,Wooster
551,St. John Fisher University,Rochester
552,Maharishi International University,Fairfield
553,University of Detroit Mercy,Detroit ...
554,Lesley University,Cambridge ...
555,Kean University,Union ...
556,Texas Southern University,Houston
557,Cedarville University,Cedarville
558,Texas A&M University-Commerce,Commerce
559,Sarah Lawrence College,Bronxville
560,Northeastern Illinois University,Chicago
561,Agnes Scott College,Decatur
562,Goucher College,Baltimore
563,Norwich University,Northfield
564,Christopher Newport University,Newport News
565,St Petersburg College,St. Petersburg
566,Ramapo College of New Jersey,Mahwah
567,Elizabethtown College,Elizabethtown
568,Rhodes College,Memphis
569,Bellarmine University,Louisville
570,Westminster College,Salt Lake City
571,Vermont State University,Randolph
572,North Carolina Central University,Durham
573,Kettering University,Flint
574,Georgia College and State University,Milledgeville ...
575,Messiah University,Mechanicsburg
576,Angelo State University,San Angelo
577,Prairie View A&M University,Prairie View ...
578,Austin Peay State University,Clarksville
579,SUNY Downstate Medical Center,Brooklyn
580,Augsburg University,Minneapolis
581,Saint Anselm College,Manchester
582,Campbell University,Buies Creek
583,St. Lawrence University,Canton
584,"California State University, Bakersfield",Bakersfield
585,University of Portland,Portland
586,Ohio Wesleyan University,Delaware ...
587,Hult International Business School,Cambridge ...
588,SUNY Brockport,Brockport
589,California College of the Arts,San Francisco ...
590,St. Mary's University,San Antonio
591,George Fox University,Newberg
592,New York Law School,New York City
593,"The Citadel, The Military College of South Carolina",Charleston
594,Bellevue University,Bellevue ...
595,The University of Tampa,Tampa
596,Indiana Wesleyan University,Marion
597,Roger Williams University,Bristol
598,Colorado Technical University,Colorado Springs ...
599,Midwestern University,Downers Grove ...
600,University of the Incarnate Word,San Antonio
601,Gustavus Adolphus College,St. Peter
602,California State University Channel Islands,Camarillo
603,St. Edward's University,Austin
604,Millersville University of Pennsylvania,Millersville
605,North Central College,Naperville ...
606,Milwaukee School of Engineering,Milwaukee
607,University of Michigan-Dearborn,Dearborn
608,University of Nebraska at Kearney,Kearney
609,Regis University,Denver
610,Southern Connecticut State University,New Haven
611,Bluffton University,Bluffton
612,Roosevelt University,Chicago ...
613,High Point University,High Point
614,Virginia Military Institute,Lexington
615,Houston Baptist University,Houston
616,St. Bonaventure University,St. Bonaventure
617,University of North Carolina at Pembroke,Pembroke
618,University of St. Augustine for Health Sciences,San Marcos ...
619,Longwood University,Farmville
620,University of Redlands,Redlands
621,Academy of Art University,San Francisco
622,Saint Leo University,Saint Leo ...
623,Barry University,Miami ...
624,University of Wisconsin-Platteville,Platteville
625,Bryant University,Smithfield
626,La Salle University,Philadelphia
627,Muhlenberg College,Allentown
628,Morehouse School of Medicine,Atlanta
629,Bastyr University,Kenmore
630,Jackson State University,Jackson
631,Lake Superior State University,Sault Ste. Marie
632,Southern Oregon University,Ashland ...
633,Alfred University,Alfred
634,Pittsburg State University,Pittsburg
635,Dominican University of California,San Rafael
636,Franklin University,Columbus ...
637,Clark Atlanta University,Atlanta
638,National Louis University,Chicago ...
639,John Carroll University,University Heights
640,Ashland University,Ashland
641,Golden Gate University,San Francisco ...
642,Kutztown University of Pennsylvania,Kutztown
643,Saint Michael's College,Colchester ...
644,Tarleton State University,Stephenville ...
645,Columbus State University,Columbus
646,Arcadia University,Glenside
647,Maryland Institute College of Art,Baltimore
648,Baldwin Wallace University,Berea
649,Carson-Newman University,Jefferson City
650,Elmhurst University,Elmhurst
651,Saint Mary's College of California,Moraga
652,Ohio Northern University,Ada
653,Northwest Missouri State University,Maryville ...
654,Brooklyn Law School,Brooklyn
655,Salem State University,Salem
656,Minnesota State University Moorhead,Moorhead
657,Washburn University,Topeka
658,Delaware State University,Dover
659,Fort Lewis College,Durango
660,Southwestern University,Georgetown
661,Slippery Rock University of Pennsylvania,Slippery Rock
662,Canisius University,Buffalo
663,Dakota State University,Madison ...
664,Western Connecticut State University,Danbury
665,Jacksonville State University,Jacksonville
666,Saginaw Valley State University,University Center
667,University of Wisconsin-Parkside,Kenosha
668,Bloomsburg University of Pennsylvania,Bloomsburg
669,Albion College,Albion
670,Kalamazoo College,Kalamazoo
671,Xavier University of Louisiana,New Orleans
672,Indiana University South Bend,South Bend ...
673,California Institute of Integral Studies,San Francisco
674,Augustana College,Rock Island
675,Seton Hill University,Greensburg
676,Mercy University,Dobbs Ferry
677,Bethel University,Saint Paul ...
678,Goshen College,Goshen
679,University of Louisiana at Monroe,Monroe
680,Bennington College,Bennington
681,Washington College,Chestertown
682,Roanoke College,Salem
683,Hawaii Pacific University,Honolulu
684,California Lutheran University,Thousand Oaks
685,State University of New York College at Plattsburgh,Plattsburgh ...
686,Keiser University,Fort Lauderdale
687,Western University of Health Sciences,Pomona ...
688,Harding University,Searcy ...
689,Colorado Christian University,Lakewood
690,Gordon College,Wenham ...
691,State University of New York at Fredonia,Fredonia
692,Wofford College,Spartanburg
693,Merrimack College,North Andover
694,Utah Tech University,St. George
695,"Lehman College, CUNY",The Bronx
696,Regis College,Weston
697,The University of the Arts,Philadelphia
698,Oral Roberts University,Tulsa
699,Florida State College at Jacksonville,Jacksonville
700,Purdue University Northwest,Hammond
701,The College of St. Scholastica,Duluth ...
702,Cornell College,Mount Vernon
703,Winona State University,Winona
704,South University,Savannah
705,University of North Texas Health Science Center,Fort Worth
706,St. Norbert College,De Pere
707,University of Central Missouri,Warrensburg
708,Pennsylvania College of Technology,Williamsport
709,Benedictine University,Lisle
710,St. Mary's College of Maryland,St. Mary's City
711,Benedictine College,Atchison
712,North Park University,Chicago
713,Centre College,Danville
714,SUNY Polytechnic Institute,Utica
715,"Purchase College, State University of New York",Purchase
716,Albany Medical College,Albany
717,University of Michigan-Flint,Flint ...
718,Bowie State University,Bowie
719,Eastern Virginia Medical School,Norfolk
720,Vermont Law School,South Royalton
721,South Dakota School of Mines and Technology,Rapid City
722,Pennsylvania Academy of the Fine Arts,Philadelphia
723,Auburn University at Montgomery,Montgomery
724,"Concordia University, St. Paul",Saint Paul ...
725,University of Houston-Downtown,Houston
726,Jacksonville University,Jacksonville
727,New Jersey City University,Jersey City
728,Santa Fe College,Gainesville
729,University of Wisconsin-River Falls,River Falls
730,SIT Graduate Institute,Brattleboro
731,Chatham University,Pittsburgh
732,Texas A&M University at Galveston,Galveston
733,Bob Jones University,Greenville
734,Capital University,Columbus
735,Carthage College,Kenosha
736,Indiana University Northwest,Gary
737,College of Southern Nevada,Las Vegas
738,University of Southern Maine,Portland ...
739,Lindsey Wilson College,Columbia
740,University of Bridgeport,Bridgeport ...
741,Texas A&M International University,Laredo
742,University of the District of Columbia,Washington
743,Texas A&M University-Kingsville,Kingsville
744,Antioch University,Yellow Springs ...
745,Virginia State University,Petersburg
746,Fayetteville State University,Fayetteville
747,Luther College,Decorah
748,Norfolk State University,Norfolk
749,Indiana University Southeast,New Albany
750,Oregon Institute of Technology,Klamath Falls
751,Knox College,Galesburg ...
752,Wilkes University,Wilkes-Barre
753,Assumption University,Worcester
754,Hood College,Frederick
755,Berry College,Mount Berry
756,University of North Alabama,Florence
757,Alabama A&M University,Huntsville
758,University of Central Oklahoma,Edmond
759,Eastern Mennonite University,Harrisonburg ...
760,Palm Beach State College,Lake Worth
761,Shenandoah University,Winchester
762,Concordia College,Moorhead
763,Colorado Mesa University,Grand Junction
764,Herzing University,Madison
765,Manhattan College,Riverdale
766,University of Houston-Clear Lake,Houston ...
767,Lawrence Technological University,Southfield
768,Marian University,Indianapolis
769,Westmont College,Santa Barbara
770,"Wheaton College, Massachusetts",Norton
771,Seminole State College of Florida,Sanford
772,Springfield College,Springfield
773,East Stroudsburg University,East Stroudsburg
774,Queens University of Charlotte,Charlotte
775,Olivet Nazarene University,Bourbonnais
776,Lipscomb University,Nashville
777,Susquehanna University,Selinsgrove
778,Lincoln Memorial University,Harrogate
779,Eckerd College,Saint Petersburg ...
780,University of Dallas,Irving
781,New York Medical College,Valhalla
782,Chamberlain University,Addison ...
783,Bellevue College,Bellevue
784,Mitchell Hamline School of Law,Saint Paul
785,University of Massachusetts Global,Irvine
786,Massachusetts College of Art and Design,Boston
787,Midwestern State University,Wichita Falls
788,Otis College of Art and Design,Los Angeles
789,ECPI University,Virginia Beach
790,Bethune-Cookman University,Daytona Beach
791,Fisk University,Nashville
792,Tougaloo College,Tougaloo ...
793,Taylor University,Upland ...
794,The University of West Alabama,Livingston
795,Park University,Parkville ...
796,Point Loma Nazarene University,San Diego ...
797,Concordia University Wisconsin,Mequon
798,The American College of Financial Services,King of Prussia
799,Lewis University,Romeoville
800,Niagara University,Niagara University
801,California Baptist University,Riverside ...
802,Ursinus College,Collegeville
803,A.T. Still University,Kirksville ...
804,Grove City College,Grove City
805,Brigham Young University-Hawaii,Laie
806,Northwestern State University of Louisiana,Natchitoches
807,Wentworth Institute of Technology,Boston
808,Kentucky State University,Frankfort
809,Hendrix College,Conway
810,Northeastern State University,Tahlequah
811,Southern University and A&M College,Baton Rouge
812,Drury University,Springfield ...
813,The University of Texas Permian Basin,Odessa
814,Eastern New Mexico University,Portales
815,Alabama State University,Montgomery
816,Lindenwood University,St. Charles
817,Lander University,Greenwood
818,University of La Verne,La Verne ...
819,Allegheny College,Meadville
820,York College of Pennsylvania,York
821,University of Lynchburg,Lynchburg
822,Chicago State University,Chicago
823,Mississippi College,Clinton
824,Lycoming College,Williamsport
825,Arkansas Tech University,Russellville
826,Eastern Oregon University,La Grande
827,Florida Southern College,Lakeland
828,Keene State College,Keene
829,Northwest Nazarene University,Nampa
830,Governors State University,University Park
831,Utica University,Utica
832,Southern Adventist University,Collegedale
833,Augustana University,Sioux Falls
834,Montana Tech,Butte
835,Trine University,Angola
836,Oklahoma City University,Oklahoma City
837,Minneapolis College of Art and Design,Minneapolis
838,Muskingum University,New Concord
839,Western New England University,Springfield ...
840,Colorado State University-Pueblo,Pueblo ...
841,Baker College,Owosso ...
842,Salve Regina University,Newport
843,St. Thomas University,Miami Gardens
844,D'Youville College,Buffalo
845,University of North Carolina School of the Arts,Winston-Salem
846,Dominican University,River Forest
847,Flagler College,St. Augustine ...
848,New England Conservatory,Boston
849,United States Coast Guard Academy,New London
850,Marietta College,Marietta
851,Eastern Connecticut State University,Willimantic
852,Marymount University,Arlington
853,Linfield University,McMinnville ...
854,Southwest Minnesota State University,Marshall
855,Clayton State University,Morrow
856,University of Findlay,Findlay
857,Fresno Pacific University,Fresno ...
858,Wilmington University,New Castle ...
859,Meharry Medical College,Nashville
860,Winston-Salem State University,Winston-Salem
861,Columbia College,Columbia
862,Northern State University,Aberdeen
863,Eastern University,St. Davids
864,Franklin W. Olin College of Engineering,Needham
865,Union University,Jackson
866,Moravian University,Bethlehem
867,Saint Mary's College,Notre Dame ...
868,Southeastern University,Lakeland
869,Montana State University Billings,Billings
870,McDaniel College,Westminster ...
871,Southern Nazarene University,Bethany ...
872,Otterbein University,Westerville
873,Saint Mary's University of Minnesota,Winona ...
874,Mayo Clinic College of Medicine and Science,Rochester
875,University of Maryland Eastern Shore,Princess Anne
876,Franciscan University of Steubenville,Steubenville
877,Southeastern Oklahoma State University,Durant
878,St. Joseph's University,Brooklyn ...
879,Alliant International University,San Diego ...
880,Walsh University,North Canton
881,Whittier College,Whittier
882,New College of Florida,Sarasota
883,St John's College,Annapolis ...
884,Northwood University,Midland ...
885,Lynn University,Boca Raton
886,St. Ambrose University,Davenport
887,Concordia University Irvine,Irvine
888,Lake Forest College,Lake Forest
889,King's College,Wilkes-Barre
890,Naropa University,Boulder
891,DeSales University,Center Valley
892,Juniata College,Huntingdon
893,Morehead State University,Morehead ...
894,United States Merchant Marine Academy,Kings Point ...
895,University of St. Thomas,Houston
896,Nazareth University,Rochester
897,Stonehill College,Easton
898,Mount St. Joseph University,Cincinnati
899,Mercyhurst University,Erie
900,Iona University,New Rochelle
901,Chaminade University of Honolulu,Honolulu
902,Guilford College,Greensboro
903,United States Air Force Academy,Colorado Springs
904,Gwynedd Mercy University,Gwynedd Valley
905,Wittenberg University,Springfield
906,Robert Morris University,Moon Township ...
907,PennWest Clarion,Clarion
908,North Carolina Wesleyan University,Rocky Mount ...
909,Aurora University,Aurora ...
910,Vincennes University,Vincennes
911,Grambling State University,Grambling
912,Hollins University,Roanoke
913,College of the Atlantic,Bar Harbor
914,Bemidji State University,Bemidji
915,Asbury University,Wilmore
916,Campbellsville University,Campbellsville
917,Point Park University,Pittsburgh
918,Meredith College,Raleigh
919,Whitworth University,Spokane
920,West Coast University-Los Angeles,North Hollywood
921,Farmingdale State College,Farmingdale
922,Millikin University,Decatur
923,MCPHS University,Boston ...
924,Lincoln University,Lincoln University
925,Dallas Baptist University,Dallas
926,Emory & Henry College,Emory ...
927,Lewis-Clark State College,Lewiston ...
928,Albany State University,Albany
929,Hartwick College,Oneonta
930,Stevenson University,Stevenson ...
931,Lebanon Valley College,Annville
932,McNeese State University,Lake Charles
933,New England College,Henniker
934,Concordia University Texas,Austin
935,Moody Bible Institute,Chicago
936,Western Colorado University,Gunnison
937,Viterbo University,La Crosse
938,Daemen University,Amherst
939,Bank Street College of Education,New York City
940,Framingham State University,Framingham
941,Post University,Waterbury
942,Oglethorpe University,Atlanta
943,PennWest Edinboro,Edinboro
944,Rogers State University,Claremore
945,Gannon University,Erie
946,Manhattanville College,Purchase
947,Louisiana State University Health Sciences Center-Shreveport,Shreveport
948,South Texas College of Law,Houston
949,University of Wisconsin-Superior,Superior
950,Life University,Marietta
951,Nicholls State University,Thibodaux
952,South Carolina State University,Orangeburg
953,Manhattan School of Music,New York City
954,Misericordia University,Dallas
955,Rockhurst University,Kansas City
956,La Sierra University,Riverside
957,Transylvania University,Lexington
958,Christian Brothers University,Memphis
959,Bridgewater College,Bridgewater
960,Rosalind Franklin University of Medicine and Science,North Chicago
961,Curtis Institute of Music,Philadelphia
962,Ottawa University,Ottawa ...
963,Davenport University,Grand Rapids ...
964,Trinity International University,Deerfield ...
965,Ringling College of Art and Design,Sarasota
966,Husson University,Bangor
967,Randolph-Macon College,Ashland
968,Pacific Union College,Angwin
969,Central College,Pella
970,Roberts Wesleyan University,Rochester
971,Endicott College,Beverly
972,Palm Beach Atlantic University,West Palm Beach ...
973,Edgewood College,Madison
974,University of Houston-Victoria,Victoria
975,Our Lady of the Lake University,San Antonio
976,Louisiana State University in Shreveport,Shreveport ...
977,Shawnee State University,Portsmouth
978,Capitol Technology University,Laurel
979,Marywood University,Scranton
980,Saint Vincent College,Latrobe
981,Adams State University,Alamosa
982,Metropolitan State University,Saint Paul
983,Scripps College,Claremont
984,Austin College,Sherman
985,Unity Environmental University,New Gloucester
986,"Westminster College, Pennsylvania",New Wilmington
987,"Anderson University, Indiana",Anderson ...
988,Warren Wilson College,Swannanoa
989,Delta State University,Cleveland
990,Des Moines University,Des Moines
991,Hampden-Sydney College,Hampden-Sydney
992,Southwestern Law School,Los Angeles
993,University of Hawaii at Hilo,Hilo
994,Keck Graduate Institute,Claremont
995,Worcester State University,Worcester
996,Molloy University,Rockville Centre
997,Central State University,Wilberforce
998,Oklahoma Christian University,Edmond ...
999,"Lincoln University, Missouri",Jefferson City
1000,University of Mary Hardin-Baylor,Belton
